<?xml version="1.0" encoding="utf-8" standalone="yes" ?>
<rss version="2.0" xmlns:atom="http://www.w3.org/2005/Atom">
  <channel>
    <title>1 | Claudio Luccioletti</title>
    <link>https://claudioluccioletti.github.io/publication-type/1/</link>
      <atom:link href="https://claudioluccioletti.github.io/publication-type/1/index.xml" rel="self" type="application/rss+xml" />
    <description>1</description>
    <generator>Wowchemy (https://wowchemy.com)</generator><language>en-us</language><lastBuildDate>Mon, 01 Jul 2013 00:00:00 +0000</lastBuildDate>
    <image>
      <url>https://claudioluccioletti.github.io/media/icon_hu073158a3ee2ece043f6a706d5aa90be1_3761_512x512_fill_lanczos_center_3.png</url>
      <title>1</title>
      <link>https://claudioluccioletti.github.io/publication-type/1/</link>
    </image>
    
    <item>
      <title>Labor Market Power Across Cities</title>
      <link>https://claudioluccioletti.github.io/publication/lmp_across_cities/</link>
      <pubDate>Mon, 01 Jul 2013 00:00:00 +0000</pubDate>
      <guid>https://claudioluccioletti.github.io/publication/lmp_across_cities/</guid>
      <description>&lt;div class=&#34;alert alert-note&#34;&gt;
  &lt;div&gt;
    Click the &lt;em&gt;Cite&lt;/em&gt; button above to demo the feature to enable visitors to import publication metadata into their reference management software.
  &lt;/div&gt;
&lt;/div&gt;
&lt;div class=&#34;alert alert-note&#34;&gt;
  &lt;div&gt;
    Create your slides in Markdown - click the &lt;em&gt;Slides&lt;/em&gt; button to check out the example.
  &lt;/div&gt;
&lt;/div&gt;
&lt;p&gt;Supplementary notes can be added here, including &lt;a href=&#34;https://wowchemy.com/docs/writing-markdown-latex/&#34; target=&#34;_blank&#34; rel=&#34;noopener&#34;&gt;code, math, and images&lt;/a&gt;.&lt;/p&gt;
</description>
    </item>
    
  </channel>
</rss>
