<?xml version="1.0" encoding="utf-8" standalone="yes" ?>
<rss version="2.0" xmlns:atom="http://www.w3.org/2005/Atom">
  <channel>
    <title>Recent &amp; Upcoming Talks | Claudio Luccioletti</title>
    <link>https://claudioluccioletti.github.io/event/</link>
      <atom:link href="https://claudioluccioletti.github.io/event/index.xml" rel="self" type="application/rss+xml" />
    <description>Recent &amp; Upcoming Talks</description>
    <generator>Wowchemy (https://wowchemy.com)</generator><language>en-us</language>
    <image>
      <url>https://claudioluccioletti.github.io/media/icon_hu073158a3ee2ece043f6a706d5aa90be1_3761_512x512_fill_lanczos_center_3.png</url>
      <title>Recent &amp; Upcoming Talks</title>
      <link>https://claudioluccioletti.github.io/event/</link>
    </image>
    
  </channel>
</rss>
