<?xml version="1.0" encoding="utf-8" standalone="yes" ?>
<rss version="2.0" xmlns:atom="http://www.w3.org/2005/Atom">
  <channel>
    <title>Publications | Claudio Luccioletti</title>
    <link>https://claudioluccioletti.github.io/publication/</link>
      <atom:link href="https://claudioluccioletti.github.io/publication/index.xml" rel="self" type="application/rss+xml" />
    <description>Publications</description>
    <generator>Wowchemy (https://wowchemy.com)</generator><language>en-us</language><lastBuildDate>Sat, 10 Dec 2022 00:00:00 +0000</lastBuildDate>
    <image>
      <url>https://claudioluccioletti.github.io/media/icon_hu073158a3ee2ece043f6a706d5aa90be1_3761_512x512_fill_lanczos_center_3.png</url>
      <title>Publications</title>
      <link>https://claudioluccioletti.github.io/publication/</link>
    </image>
    
    <item>
      <title>Labor Market Power Across Cities</title>
      <link>https://claudioluccioletti.github.io/publication/lmp_across_cities/</link>
      <pubDate>Sat, 10 Dec 2022 00:00:00 +0000</pubDate>
      <guid>https://claudioluccioletti.github.io/publication/lmp_across_cities/</guid>
      <description></description>
    </item>
    
  </channel>
</rss>
